{
    "MSE": 1219716649.4393404,
    "RMSE": 34924.442006127174,
    "R2_Score": 0.8409824280619955,
    "CrossVal_R2_Avg": 0.7942804254731932
}